{
  "dataset": {
    "num_samples": 334,
    "num_labels": 18,
    "label_ids": [
      "ml.intro",
      "ml.reinforcement",
      "dl.intro",
      "nlp.intro",
      "nlp.generative_ai",
      "nlp.prompt_engineering",
      "nlp.rag",
      "cv.intro",
      "ds.intro",
      "ds.visualization",
      "ds.time_series",
      "ds.big_data",
      "de.intro",
      "prog.python",
      "gov.ethics",
      "pm.intro",
      "auto.intro",
      "auto.nocode"
    ]
  },
  "score_distribution": {
    "min": 0.21939007937908173,
    "max": 0.7694096565246582,
    "mean": 0.4637015163898468,
    "std": 0.17279185354709625,
    "histogram_bins_10": [
      0.0,
      0.0,
      1661.0,
      640.0,
      1116.0,
      1077.0,
      693.0,
      825.0,
      0.0,
      0.0
    ]
  },
  "threshold_results": [
    {
      "threshold": 0.3,
      "f1_micro": 0.5228,
      "f1_macro": 0.5008,
      "precision_micro": 0.359,
      "precision_macro": 0.3788,
      "recall_micro": 0.9612,
      "recall_macro": 0.9579,
      "per_label_f1": [
        0.7561,
        0.0933,
        0.3942,
        0.5351,
        0.8,
        0.7979,
        0.3547,
        0.141,
        0.6667,
        0.5455,
        0.3023,
        0.5911,
        0.6783,
        0.6697,
        0.8198,
        0.0581,
        0.5634,
        0.2467
      ],
      "prediction_distribution": {
        "per_label_positive_count": [
          144,
          286,
          334,
          334,
          271,
          225,
          334,
          143,
          161,
          208,
          144,
          143,
          143,
          145,
          334,
          334,
          334,
          334
        ],
        "per_label_positive_pct": [
          43.1,
          85.6,
          100.0,
          100.0,
          81.1,
          67.4,
          100.0,
          42.8,
          48.2,
          62.3,
          43.1,
          42.8,
          42.8,
          43.4,
          100.0,
          100.0,
          100.0,
          100.0
        ],
        "samples_with_zero_prediction": 0,
        "samples_with_all_predictions": 34
      }
    },
    {
      "threshold": 0.35,
      "f1_micro": 0.5404,
      "f1_macro": 0.5167,
      "precision_micro": 0.3816,
      "precision_macro": 0.4045,
      "recall_micro": 0.9255,
      "recall_macro": 0.9338,
      "per_label_f1": [
        0.7592,
        0.1633,
        0.3942,
        0.5351,
        0.8286,
        0.8352,
        0.3547,
        0.1507,
        0.7078,
        0.623,
        0.3152,
        0.603,
        0.6903,
        0.6758,
        0.792,
        0.0617,
        0.5634,
        0.2467
      ],
      "prediction_distribution": {
        "per_label_positive_count": [
          143,
          133,
          334,
          334,
          216,
          208,
          334,
          133,
          143,
          155,
          137,
          139,
          139,
          143,
          268,
          314,
          334,
          334
        ],
        "per_label_positive_pct": [
          42.8,
          39.8,
          100.0,
          100.0,
          64.7,
          62.3,
          100.0,
          39.8,
          42.8,
          46.4,
          41.0,
          41.6,
          41.6,
          42.8,
          80.2,
          94.0,
          100.0,
          100.0
        ],
        "samples_with_zero_prediction": 0,
        "samples_with_all_predictions": 4
      }
    },
    {
      "threshold": 0.4,
      "f1_micro": 0.5551,
      "f1_macro": 0.5245,
      "precision_micro": 0.3991,
      "precision_macro": 0.4207,
      "recall_micro": 0.9114,
      "recall_macro": 0.9193,
      "per_label_f1": [
        0.7782,
        0.1667,
        0.3981,
        0.5351,
        0.8529,
        0.8444,
        0.3547,
        0.1538,
        0.7197,
        0.6121,
        0.321,
        0.5979,
        0.6906,
        0.6948,
        0.827,
        0.0841,
        0.5634,
        0.2467
      ],
      "prediction_distribution": {
        "per_label_positive_count": [
          137,
          130,
          330,
          334,
          204,
          204,
          334,
          130,
          139,
          143,
          134,
          134,
          136,
          137,
          213,
          204,
          334,
          334
        ],
        "per_label_positive_pct": [
          41.0,
          38.9,
          98.8,
          100.0,
          61.1,
          61.1,
          100.0,
          38.9,
          41.6,
          42.8,
          40.1,
          40.1,
          40.7,
          41.0,
          63.8,
          61.1,
          100.0,
          100.0
        ],
        "samples_with_zero_prediction": 0,
        "samples_with_all_predictions": 0
      }
    },
    {
      "threshold": 0.5,
      "f1_micro": 0.6166,
      "f1_macro": 0.5313,
      "precision_micro": 0.5013,
      "precision_macro": 0.4472,
      "recall_micro": 0.8006,
      "recall_macro": 0.7653,
      "per_label_f1": [
        0.7863,
        0.2143,
        0.4673,
        0.4747,
        0.8564,
        0.8539,
        0.3349,
        0.1786,
        0.7124,
        0.6188,
        0.3291,
        0.6073,
        0.7032,
        0.7081,
        0.8287,
        0.0,
        0.5749,
        0.315
      ],
      "prediction_distribution": {
        "per_label_positive_count": [
          132,
          98,
          132,
          194,
          200,
          200,
          137,
          99,
          133,
          134,
          130,
          131,
          132,
          133,
          200,
          0,
          203,
          207
        ],
        "per_label_positive_pct": [
          39.5,
          29.3,
          39.5,
          58.1,
          59.9,
          59.9,
          41.0,
          29.6,
          39.8,
          40.1,
          38.9,
          39.2,
          39.5,
          39.8,
          59.9,
          0.0,
          60.8,
          62.0
        ],
        "samples_with_zero_prediction": 0,
        "samples_with_all_predictions": 0
      }
    }
  ],
  "label_positive_frequencies": {
    "ml.intro": 30.54,
    "ml.reinforcement": 4.19,
    "dl.intro": 24.55,
    "nlp.intro": 36.53,
    "nlp.generative_ai": 61.08,
    "nlp.prompt_engineering": 46.71,
    "nlp.rag": 21.56,
    "cv.intro": 3.89,
    "ds.intro": 29.94,
    "ds.visualization": 26.65,
    "ds.time_series": 8.38,
    "ds.big_data": 17.96,
    "de.intro": 26.05,
    "prog.python": 22.75,
    "gov.ethics": 69.46,
    "pm.intro": 2.99,
    "auto.intro": 39.22,
    "auto.nocode": 14.07
  }
}